ID,date,gender,team1q1,team2q1,team1q2,team2q2,team1q3,team2q3,team1q4,team2q4,team1tot,team2tot,type
1,09/12/2025,M,15,11,12,19,28,20,28,12,83,62,
2,09/12/2025,F,20,12,13,17,16,19,10,10,59,58,
3,10/12/2025,M,28,22,18,21,14,12,22,27,82,82,
4,10/12/2025,F,19,10,18,17,24,26,18,18,79,71,
5,10/12/2025,M,10,25,13,22,15,20,17,30,55,97,
6,10/12/2025,F,17,14,7,14,22,18,24,8,70,54,
7,10/12/2025,M,24,16,21,26,25,14,23,19,93,75,
8,10/12/2025,F,17,13,20,20,17,18,16,9,70,60,
9,10/12/2025,F,17,23,18,21,19,26,20,24,74,94,
10,10/12/2025,M,20,17,19,37,22,13,28,15,89,82,
11,10/12/2025,M,22,20,17,18,17,24,28,10,84,72,
12,10/12/2025,M,9,30,24,25,14,20,22,25,69,100,
13,10/12/2025,M,26,15,32,24,17,23,25,21,100,83,
14,10/12/2025,M,8,29,21,13,14,11,9,19,52,72,
15,10/12/2025,F,12,17,12,27,9,12,8,10,41,66,
16,10/12/2025,M,17,16,20,12,19,17,14,19,70,64,
17,10/12/2025,M,21,18,14,17,22,13,16,17,73,65,
18,10/12/2025,M,19,23,21,20,19,20,29,19,88,82,
19,10/12/2025,F,10,18,13,13,21,13,12,12,56,56,
20,10/12/2025,M,16,16,18,18,26,16,26,22,86,72,
21,10/12/2025,M,23,11,24,18,21,20,17,16,85,65,
22,10/12/2025,F,16,29,22,28,19,25,16,20,73,102,
23,10/12/2025,F,14,14,23,21,9,20,11,22,57,77,
24,10/12/2025,F,19,13,19,16,29,7,19,11,86,47,
25,10/12/2025,F,14,22,14,28,12,36,13,28,53,114,
26,10/12/2025,M,24,23,18,10,16,18,20,21,78,72,
27,10/12/2025,M,26,20,15,28,24,15,21,15,86,78,
28,10/12/2025,M,26,17,11,17,16,19,16,16,69,69,
29,25/01/2026,M,21,16,23,28,31,19,33,23,108,86,
30,25/01/2026,M,16,19,29,14,13,28,24,28,82,89,
31,25/01/2026,M,20,20,15,21,24,23,17,15,76,79,
32,25/01/2026,F,22,25,22,29,11,30,27,21,82,105,
33,25/01/2026,M,16,19,23,20,24,22,15,19,78,80,
34,25/01/2026,M,28,27,29,14,30,21,31,20,118,82,
35,25/01/2026,M,14,26,23,27,26,15,21,18,84,86,
36,25/01/2026,M,23,14,19,26,16,15,20,4,78,59,
37,25/01/2026,M,27,11,14,13,16,16,25,7,82,47,
38,25/01/2026,F,19,15,18,8,13,15,14,12,64,50,
39,25/01/2026,M,24,16,12,20,16,20,32,20,84,76,
40,25/01/2026,M,15,10,18,20,16,10,17,19,66,59,
41,25/01/2026,M,27,17,16,23,21,21,27,20,91,81,
42,25/01/2026,M,26,15,29,20,24,20,32,33,111,88,
43,25/01/2026,M,26,18,30,14,18,28,19,27,93,87,
44,25/01/2026,F,19,15,18,8,13,15,14,12,64,50,
45,25/01/2026,M,19,33,31,11,22,23,17,28,89,95,
46,25/01/2026,M,23,24,23,13,14,15,31,14,91,66,
47,25/01/2026,F,19,17,15,17,13,21,23,17,70,72,
48,25/01/2026,M,19,10,19,23,19,17,20,23,77,73,
49,25/01/2026,M,13,18,19,23,15,19,17,24,64,84,
50,25/01/2026,F,17,28,14,33,9,16,7,15,47,92,
51,25/01/2026,M,21,19,13,19,24,18,15,23,73,79,
52,25/01/2026,M,13,18,19,23,15,19,24,31,71,91,
53,25/01/2026,M,20,19,14,26,28,24,18,21,80,90,
54,25/01/2026,M,19,22,33,19,14,17,25,26,91,84,
55,25/01/2026,M,24,21,18,28,14,23,25,17,81,89,
56,25/01/2026,F,26,24,19,15,15,15,25,17,85,71,
57,25/01/2026,F,20,16,19,21,18,15,22,16,79,68,
58,25/01/2026,F,27,9,27,13,27,7,28,13,109,42,
59,25/01/2026,F,17,28,14,33,9,16,7,15,47,92,
60,25/01/2026,M,23,24,23,13,14,25,31,14,91,76,
61,25/01/2026,M,25,25,26,25,22,18,22,29,95,97,
62,25/01/2026,M,26,17,30,31,22,13,18,17,96,78,
63,25/01/2026,M,23,22,25,24,20,27,46,35,114,108,
64,25/01/2026,M,23,10,25,21,24,12,20,24,92,67,
65,25/01/2026,F,21,17,22,18,21,16,13,19,77,70,
66,25/01/2026,M,17,27,23,19,14,19,18,16,72,81,
67,25/01/2026,M,19,16,23,21,13,17,17,8,72,62,
68,25/01/2026,F,17,25,21,22,11,14,12,22,61,83,
69,25/01/2026,F,38,11,33,10,34,8,20,12,125,41,
70,25/01/2026,F,18,21,21,10,33,19,26,13,98,63,
71,25/01/2026,M,25,9,15,13,15,19,14,21,69,62,
72,25/01/2026,F,20,15,27,18,14,15,21,14,82,62,
73,25/01/2026,M,21,18,17,15,11,19,20,12,69,64,
74,25/01/2026,F,23,13,27,16,21,26,21,14,92,69,
75,25/01/2026,M,26,19,20,18,21,24,28,26,95,87,
76,25/01/2026,M,36,21,19,17,36,17,29,20,120,75,
77,25/01/2026,F,23,16,38,15,22,9,10,9,93,49,
78,25/01/2026,F,14,11,30,17,17,11,17,12,78,51,
79,25/01/2026,M,22,26,24,28,23,21,39,32,108,107,
80,25/01/2026,M,18,20,22,20,29,6,19,27,88,73,
81,25/01/2026,M,21,21,24,10,21,23,23,23,89,77,
82,25/01/2026,M,14,16,22,14,19,27,35,28,90,85,
83,25/01/2026,F,26,8,15,20,19,17,26,19,86,64,
84,25/01/2026,M,21,22,19,24,30,15,20,25,90,86,
85,25/01/2026,F,15,29,18,32,24,27,10,31,67,119,
86,25/01/2026,F,18,17,19,16,21,19,18,17,76,69,
87,25/01/2026,F,9,25,15,23,16,20,15,11,55,79,
88,25/01/2026,F,13,26,29,15,22,19,18,20,82,80,
89,25/01/2026,F,18,10,15,17,20,20,10,12,63,59,
90,25/01/2026,M,11,25,20,17,15,22,17,17,63,81,
91,25/01/2026,M,14,16,18,16,16,9,29,9,77,50,
92,25/01/2026,F,23,24,11,25,18,21,9,13,61,83,
93,25/01/2026,F,15,19,19,15,21,25,16,18,71,77,
94,25/01/2026,F,15,11,14,30,25,21,15,18,69,80,
95,25/01/2026,F,10,17,20,19,5,19,16,22,51,77,
96,25/01/2026,M,10,16,18,23,17,12,28,32,73,83,
97,25/01/2026,F,22,31,27,17,15,17,26,20,90,85,
98,25/01/2026,M,23,28,18,13,18,15,19,18,78,74,
99,25/01/2026,M,24,19,24,21,23,16,20,23,91,79,
100,25/01/2026,M,17,11,32,26,27,17,14,31,90,85,
101,25/01/2026,M,19,18,21,18,22,21,28,27,90,84,
102,25/01/2026,M,19,27,19,24,22,16,19,18,79,85,
103,25/01/2026,M,21,20,23,14,18,20,27,23,89,77,
104,25/01/2026,M,23,29,26,22,27,20,36,37,112,108,
105,25/01/2026,M,18,20,18,28,14,21,22,21,72,90,
106,25/01/2026,M,22,21,23,29,22,12,28,16,95,78,
107,25/01/2026,M,22,25,31,18,20,26,15,22,88,91,
108,25/01/2026,M,23,21,16,21,28,19,19,18,86,79,
109,25/01/2026,M,11,20,18,10,26,11,24,25,79,66,
110,25/01/2026,M,20,27,16,19,11,15,13,12,60,73,
111,25/01/2026,M,22,19,23,32,20,16,23,18,88,85,
112,25/01/2026,M,12,21,25,17,28,16,17,20,82,74,
113,25/01/2026,M,22,20,27,12,14,11,16,21,79,64,
114,25/01/2026,M,16,16,21,16,12,24,13,17,62,73,
115,25/01/2026,M,20,17,14,11,19,18,19,15,72,61,
116,25/01/2026,M,18,16,23,22,27,15,27,24,95,77,
117,25/01/2026,M,23,13,25,16,17,19,23,21,88,69,
118,25/01/2026,M,16,20,32,19,15,26,10,14,73,79,
119,25/01/2026,F,15,14,19,10,16,11,17,12,67,47,
120,25/01/2026,F,19,27,14,12,20,18,20,10,73,67,
121,25/01/2026,F,24,9,18,10,21,10,18,14,81,43,
122,25/01/2026,M,15,20,20,14,24,22,26,30,85,86,
123,25/01/2026,M,16,23,25,29,13,14,19,8,73,74,
124,25/01/2026,M,12,13,18,16,17,17,27,34,74,80,
125,25/01/2026,M,10,17,17,20,22,14,18,20,67,71,
126,25/01/2026,M,26,16,19,14,18,17,20,20,83,67,
128,25/01/2026,M,15,21,28,23,20,24,20,12,83,80,
129,25/01/2026,M,20,19,25,12,13,25,20,23,78,79,
130,25/01/2026,M,24,24,16,13,5,17,25,26,70,80,
131,25/01/2026,M,21,12,27,14,25,14,18,20,91,60,
132,25/01/2026,F,30,18,28,15,27,13,18,20,103,66,
133,25/01/2026,M,18,24,19,13,18,19,14,17,69,73,
134,26/01/2026,M,20,24,17,24,25,21,30,19,92,88,
135,26/01/2026,F,9,21,16,14,15,24,30,22,70,81,america
136,26/01/2026,M,17,18,17,28,23,21,19,5,76,72,argentina
137,26/01/2026,F,9,12,8,9,20,13,13,12,50,46,argentina
138,26/01/2026,M,31,18,15,24,27,18,25,27,98,87,argentina
139,26/01/2026,F,27,29,13,12,15,14,12,10,67,65,argentina
140,26/01/2026,F,13,23,14,14,23,13,24,13,74,63,argentina
141,26/01/2026,M,27,26,18,19,22,15,20,18,87,78,argentina
142,26/01/2026,M,25,13,15,18,17,15,21,19,78,65,argentina
143,26/01/2026,M,30,27,25,16,18,23,12,10,85,76,argentina
144,26/01/2026,M,22,20,16,21,17,22,11,20,66,83,argentina
145,26/01/2026,M,32,22,24,39,25,30,17,23,98,114,nba
146,14/02/2026,F,18,16,19,19,16,22,15,21,68,78,argentina
147,14/02/2026,F,11,27,15,14,14,18,14,23,54,82,america
148,14/02/2026,F,18,8,15,16,17,15,21,18,71,57,america
149,14/02/2026,M,25,16,20,20,15,23,22,16,82,75,portugal
150,14/02/2026,M,22,31,31,21,23,31,24,22,100,105,canada
151,14/02/2026,M,16,15,23,23,12,19,19,22,70,79,portugal
152,14/02/2026,M,16,16,23,22,26,16,34,15,99,69,mexico
153,15/02/2026,F,12,11,10,19,13,21,24,16,59,67,america
154,15/02/2026,M,21,16,16,15,18,18,27,19,82,68,argentina
155,15/02/2026,M,20,20,16,25,23,25,20,21,79,91,argentina
156,15/02/2026,M,17,21,22,19,20,25,12,14,71,79,argentina
157,15/02/2026,M,24,10,15,13,21,20,17,18,77,61,mexico
158,15/02/2026,F,14,28,27,15,17,16,13,13,71,72,mexico
159,15/02/2026,F,15,14,18,23,16,15,28,14,77,66,america
160,15/02/2026,F,16,21,25,19,19,15,19,17,79,72,america
161,15/02/2026,M,20,23,32,24,20,19,23,17,95,83,georgia
162,15/02/2026,F,17,20,14,27,17,14,22,23,70,84,czech
163,15/02/2026,M,21,20,20,21,31,32,24,20,96,93,taipeh
164,15/02/2026,M,25,29,26,21,20,20,19,26,90,96,romania
165,15/02/2026,F,21,12,17,20,16,16,15,16,69,64,russia
166,15/02/2026,M,16,20,23,34,13,15,27,24,79,93,japan
167,15/02/2026,M,28,21,19,23,27,11,35,32,109,87,turkey
168,15/02/2026,F,25,24,23,16,11,21,27,19,86,80,turkey
169,15/02/2026,M,18,24,21,25,18,24,24,20,81,93,spain
170,15/02/2026,M,19,15,18,30,15,23,27,16,79,84,bulgaria
171,15/02/2026,M,14,28,17,15,23,16,15,17,69,76,spain
172,15/02/2026,F,23,14,21,15,23,10,16,18,83,57,spain
173,15/02/2026,M,23,25,16,32,14,26,22,24,75,107,spain
174,15/02/2026,F,21,16,18,16,26,14,12,18,77,64,russia
175,15/02/2026,F,17,15,22,22,26,20,19,35,84,92,greece
176,15/02/2026,F,27,16,21,15,23,5,15,14,86,50,greece
177,15/02/2026,F,14,13,6,17,17,2,15,10,52,42,spain
178,15/02/2026,F,7,14,16,17,19,15,20,11,62,57,spain
179,15/02/2026,M,13,13,8,16,30,17,31,33,82,79,spain
180,15/02/2026,M,18,15,8,18,15,11,24,22,65,66,spain
181,15/02/2026,M,10,15,11,10,22,15,23,23,66,63,spain
182,15/02/2026,M,15,13,20,24,25,15,19,17,79,69,spain
183,15/02/2026,F,21,13,25,17,16,21,23,12,85,63,spain
184,15/02/2026,M,25,25,22,31,21,17,23,27,91,100,poland
185,15/02/2026,M,25,18,17,26,17,16,13,15,72,75,romania
186,15/02/2026,F,15,19,14,10,17,13,18,17,64,59,europe
187,15/02/2026,M,24,15,30,24,25,24,23,22,102,85,georgia
188,15/02/2026,F,29,26,13,27,17,20,15,21,74,94,finland
189,15/02/2026,F,15,5,12,10,15,15,9,18,51,48,aj
190,15/02/2026,F,17,16,15,20,19,16,23,14,74,66,purtugal
191,09/04/2026,M,18,22,30,29,19,22,18,16,85,89,
192,09/04/2026,M,21,19,13,21,25,14,11,21,70,75,
193,09/04/2026,F,18,20,20,23,23,18,14,16,75,77,
194,09/04/2026,M,15,14,13,19,20,20,25,15,73,68,
195,09/04/2026,M,25,19,23,28,22,29,28,29,98,105,
196,09/04/2026,M,28,27,21,25,20,23,27,16,96,91,
197,09/04/2026,M,18,19,20,27,21,18,22,24,81,88,
198,09/04/2026,M,26,18,14,10,16,15,20,25,76,68,
199,09/04/2026,M,21,23,13,16,17,28,15,20,66,87,
200,09/04/2026,M,24,11,32,27,17,21,31,26,104,85,
201,09/04/2026,M,25,27,30,29,29,20,21,20,105,96,
202,09/04/2026,M,17,28,23,19,20,26,27,18,87,91,
203,09/04/2026,M,20,19,25,24,29,11,22,16,96,70,
204,09/04/2026,F,13,13,15,12,29,9,14,12,71,46,
205,09/04/2026,F,23,25,22,26,25,27,22,22,92,100,
206,09/04/2026,M,26,21,23,21,12,26,17,31,78,99,
207,09/04/2026,F,25,10,22,6,10,11,17,10,74,37,
208,09/04/2026,F,22,12,11,9,23,9,17,10,73,40,
209,09/04/2026,F,25,8,21,3,26,5,20,9,92,25,
210,09/04/2026,M,18,13,14,14,18,14,20,23,70,64,
211,09/04/2026,M,24,22,20,24,28,26,25,18,97,90,
212,09/04/2026,M,28,18,18,28,21,16,31,29,98,91,
213,09/04/2026,M,18,24,13,8,21,19,24,18,76,69,
214,09/04/2026,M,22,15,23,23,22,11,24,20,91,69,
215,09/04/2026,M,16,17,14,6,19,25,22,18,71,66,
216,10/04/2026,F,28,14,12,20,12,9,18,14,70,57,
217,10/04/2026,M,18,18,17,32,31,19,23,22,89,91,
218,10/04/2026,M,25,19,23,24,22,15,15,35,85,93,
220,10/04/2026,M,21,23,22,24,18,15,37,34,98,96,
221,10/04/2026,M,26,28,36,28,32,30,25,30,119,116,
222,10/04/2026,M,42,48,49,44,50,53,43,55,184,200,
223,10/04/2026,M,22,14,18,13,25,18,24,18,89,63,
224,10/04/2026,M,15,29,21,15,15,10,16,17,67,71,
225,10/04/2026,M,15,14,25,10,17,30,13,21,70,75,
226,10/04/2026,F,20,21,16,30,24,13,6,16,66,80,
227,10/04/2026,M,15,18,11,24,26,17,12,16,64,75,
228,10/04/2026,F,12,19,19,25,11,32,18,13,60,89,
229,10/04/2026,M,23,32,21,20,25,24,26,30,95,106,
230,10/04/2026,M,32,17,8,24,22,25,13,28,75,94,
231,10/04/2026,M,28,24,29,27,13,31,11,34,81,116,
232,10/04/2026,M,29,22,22,27,30,33,34,39,115,121,
233,11/04/2026,M,34,23,38,29,33,33,35,32,140,117,
234,11/04/2026,M,22,25,20,16,8,16,26,18,76,75,
235,11/04/2026,M,18,24,19,21,17,18,28,24,82,87,
236,11/04/2026,M,23,27,13,16,11,23,18,18,65,84,
237,11/04/2026,F,22,20,18,6,6,17,19,10,65,53,
238,11/04/2026,M,22,27,13,20,20,16,13,15,68,78,
239,11/04/2026,M,21,21,18,9,17,12,22,16,78,58,
240,11/04/2026,M,15,12,27,7,22,12,15,12,79,43,
241,11/04/2026,M,27,21,23,17,23,26,26,22,99,86,
242,12/04/2026,M,20,12,26,21,25,23,17,22,88,78,
243,12/04/2026,M,33,22,20,22,29,22,19,23,101,89,
244,12/04/2026,M,12,26,26,21,19,19,46,31,103,97,
245,12/04/2026,M,15,26,24,18,22,20,16,23,77,87,
246,12/04/2026,M,15,20,27,27,24,13,13,16,79,76,
247,12/04/2026,M,30,20,28,35,26,20,39,43,123,118,
248,12/04/2026,F,10,8,17,14,23,9,19,12,69,43,
249,12/04/2026,M,22,31,15,27,24,25,28,22,89,105,
250,12/04/2026,M,15,20,32,16,24,29,26,29,97,94,
251,12/04/2026,M,22,32,31,26,32,21,32,27,117,106,
252,12/04/2026,M,25,26,32,22,28,20,16,26,101,94,
253,12/04/2026,M,34,22,21,28,20,10,19,21,94,81,
254,12/04/2026,M,26,23,36,21,37,29,26,25,125,98,
255,12/04/2026,M,22,22,25,23,26,17,11,20,84,82,
256,12/04/2026,M,29,23,22,23,21,30,21,20,93,96,
257,12/04/2026,M,20,20,21,21,27,17,22,16,90,74,
258,12/04/2026,M,19,20,19,19,18,24,26,10,82,73,
259,12/04/2026,M,24,22,29,23,25,25,23,21,101,91,
260,12/04/2026,M,19,23,18,26,25,30,14,20,76,99,
261,12/04/2026,M,26,18,30,32,21,15,25,15,102,80,
262,12/04/2026,F,24,8,7,21,18,8,24,11,73,48,
263,12/04/2026,F,18,21,19,17,15,10,23,21,75,69,
264,12/04/2026,M,16,22,23,18,33,20,21,30,93,90,
265,12/04/2026,M,29,23,26,25,27,21,18,26,100,95,
267,12/04/2026,F,22,15,19,24,22,24,21,17,84,80,
268,12/04/2026,F,15,24,12,19,8,10,27,15,62,68,
269,12/04/2026,M,21,14,19,25,29,20,27,17,96,76,
270,12/04/2026,F,22,14,28,16,17,21,15,16,82,67,
271,12/04/2026,M,27,31,33,13,24,16,17,20,101,80,
272,12/04/2026,M,22,24,12,13,31,22,23,33,88,92,
273,12/04/2026,M,23,13,23,15,22,7,26,26,94,61,
274,12/04/2026,M,18,13,25,27,24,21,24,21,91,82,
275,12/04/2026,M,31,29,21,12,23,22,26,19,101,82,
276,12/04/2026,M,22,22,22,28,24,21,24,30,92,101,
277,12/04/2026,M,23,15,24,13,18,19,22,13,87,60,
278,12/04/2026,M,12,19,21,27,15,21,14,28,62,95,
279,12/04/2026,M,19,23,22,21,15,25,20,15,76,84,
280,12/04/2026,M,19,31,30,24,14,15,21,20,84,90,
281,12/04/2026,M,27,19,14,25,15,20,14,25,70,89,
282,12/04/2026,M,24,18,19,24,19,11,24,17,86,70,
283,12/04/2026,M,13,17,19,28,22,24,19,24,73,93,
284,12/04/2026,M,20,30,29,11,27,21,20,23,96,85,
285,12/04/2026,M,26,28,20,17,19,13,26,19,91,77,
286,12/04/2026,M,31,27,22,24,23,18,31,21,107,90,
287,12/04/2026,M,25,21,21,18,23,16,24,13,93,68,
288,12/04/2026,M,19,25,19,19,16,26,23,20,77,90,
289,12/04/2026,M,13,17,22,21,19,27,23,15,77,80,
290,12/04/2026,M,22,21,15,30,25,21,20,20,82,92,
291,12/04/2026,M,23,19,21,24,24,22,28,25,96,90,
292,12/04/2026,M,20,23,32,21,18,27,15,30,85,101,
293,12/04/2026,M,14,21,26,13,18,20,28,22,86,76,
294,12/04/2026,M,27,24,23,22,25,32,19,25,94,103,
295,12/04/2026,M,23,19,16,20,23,21,18,23,80,83,
296,12/04/2026,M,14,22,20,21,24,9,26,25,84,77,
297,12/04/2026,M,18,20,25,16,18,21,20,16,81,73,
298,12/04/2026,M,26,15,25,19,29,22,16,19,96,75,
299,12/04/2026,M,12,22,29,19,18,26,21,19,80,86,
300,12/04/2026,F,24,23,30,18,27,18,23,18,104,77,
301,12/04/2026,F,19,20,13,16,16,16,16,13,64,65,
302,12/04/2026,M,30,17,19,28,18,13,10,17,77,75,
303,12/04/2026,F,20,18,29,18,11,14,22,19,82,69,
304,12/04/2026,F,19,18,34,22,29,13,20,8,102,61,
305,12/04/2026,F,11,13,9,16,18,29,19,14,57,72,
306,12/04/2026,F,14,17,16,19,13,25,8,15,51,76,
307,12/04/2026,M,25,18,24,23,17,18,16,17,82,76,
308,12/04/2026,M,26,5,23,32,16,34,31,24,96,95,
309,12/04/2026,M,23,19,7,18,20,18,26,26,76,81,
310,12/04/2026,F,22,11,22,11,17,17,20,8,81,47,
311,12/04/2026,M,20,19,26,22,29,24,17,21,92,86,
312,12/04/2026,F,17,19,23,11,18,9,18,10,76,49,
313,12/04/2026,F,27,15,17,22,14,14,13,13,71,64,
314,12/04/2026,F,21,18,14,30,12,22,20,12,67,82,
315,12/04/2026,F,14,19,17,26,23,18,6,15,60,78,
316,12/04/2026,F,15,17,17,12,9,17,21,12,62,58,
317,12/04/2026,F,20,15,18,18,22,14,4,16,64,63,
318,12/04/2026,M,28,15,28,31,32,22,18,33,106,101,
319,12/04/2026,F,22,5,10,12,15,25,10,16,57,58,
